No.,Name,Phone,Address
101,PLYMOUTH,508 747 2325,"20 Pilgrim Hill Rd., Plymouth, MA 02360"
102,S.ATTELBORO,508 761 5681,"1200 Newport Avenue, S. Attleboro, MA 02703"
103,WARWICK,401 823 1820,"1500 BaldHill Rd., Warwick, RI 02886"
104,BRAINTREE,617 356 4467,"125 Pearl St., Braintree, MA 02184"
105,CARVER,508 866 2977,"160 No. Main St., Rte. 58, Carver, MA 02330"
106,SOUTH,508 588 3393,"2077 Main St., Brockton, MA 02401"
107,EAST,508 583 2581,"715 Cresent St, Brockton, MA 02402"
108,WEST,508 588 7746,"609 Belmont St., Brockton, MA 02401"
109,EASTON,508 238 0165,"690 Depot St., Easton, MA 02356"
110,HANSON,617 293 3008,"Liberty & County Sts. (476 Liberty), Hanson, MA 02341 1199"
111,PAWTUCKET,401 331 5524,"50 Ann Mary St., Pawtucket, RI 02860"
112,N FALL RIVER,508 677 0940,"4171 No. Main St., Fall River, MA 02720"
113,N ATTLEBORO,508 643 2259,"125 Toner Blvd., N. Attleboro, MA 02760"
114,WEYMOUTH,617 331 5108,"610 Middle St., Weymouth, MA 02189"
115,QUINCY,617 471 6013,"100 Quincy Ave., Quincy, MA 02169"
116,MEDFIELD,508 359 8713,"230 Main St., Medfield, MA 02052"
117,E PROVIDENCE,401 431 9840,"575 Taunton Ave., E. Providence, RI 02914"
118,RANDOLPH,617 963 6995,"121 Memorial Parkway, Randolph, MA 02368"
119,STOUGHTON,617 341 1908,"666 Washington St., Stoughton, MA 02072"
120,CANTON,617 828 1446,"Village Mall/Cobbs Corner (75 Washington St.), Canton, MA 02021"
121,SHARON,617 784 5995,"780 So. Main St., Sharon, MA 02067"
122,NORWOOD,617 769 6135,"434 Walpole St., Rte 1a, Norwood, MA 02062"
123,ASHLAND,508 881 5125,"301 Pond St., Ashland, MA 01721"
124,RAYNHAM,508 822 5660,"Rte 44 (300 New State Hwy), Raynham, MA 02767"
125,TAUNTON,508 822 0137,"Plaza 44/Warner Blvd., 280 Winthrop St. Taunton, MA 02780"
126,WOONSOCKET,401 765 3090,"1500 Diamond Hill Rd, Woonsocket, RI 02895"
127,FALL RIVER,508 674 8445,"465 William Canning Blvd., Fall River, MA 02722"
128,NEW BEDFORD,508 998 1226,"500 King's Highway, New Bedford, MA 02745"
129,FAIRHAVEN,508 993 9996,"11 Berdon Way, Fairhaven, MA 02719"
130,DARTMOUTH,508 993 9995,"15 State Road, N. Dartmouth, MA 02747"
173,NORTHBRIDGE,508 234 0457,"1177 Providence Rd, Whitinsville, MA 01588"
174,CRANSTON,401 946 9720,"151 Sockanosset Cross Rd., Cranston, RI 02095"
175,RIVERSIDE,401 433 3180,"1050 Willett Ave., E. Providence, RI 02915"
176,BARRINGTON,401 245 5392,"181 County Rd., Barrington, RI 02806"
177,NEWPORT,401 841 0559,"181 Bellevue Ave., Newport RI 02840"
178,JOHNSTON,401 272 0219,"1485 Hartford Ave., Johnston, RI 02919"
179,WESTERLY,401 348 8254,"100 Franklin St., Westerly, RI 02891"
190,HANOVER,617 826 2864,"55 Columbia Rd., Hanover, MA 02339"
191,LAKEWOOD,401 941 4553,"320 Warwick Ave., Warwick, RI 02889"
192,MIDDLETOWN,401 848 7560,"99 E. Main Rd., Aquidneck Ctr, Middletown, RI 02840"
193,WALTHAM,617 894 8749,"836 Main St., Waltham, MA 02154"
194,N. PROVIDENCE,401 353 2075,"15 Smithfield Rd, Admiral Plaza, N. Providence, RI 02911"
196,N. QUINCY,617 689 0442,"475 Hancock St., N. Quincy, MA 02171"
201,MANCHESTER,860 643 3466,"425 Broad St, Manchester, CT 06040"
202,BRISTOL,860 314 2700,"325 Oakland St., Bristol, CT 06010"
203,VERNON,860 870 6244,"50 Windsorville Rd., Vernon CT 06066"
204,WATERFORD,860 701 5944,"120 Boston Post Rd., CT 06385"
205,NEW BRITAIN,860 832 4244,"1045 W. Main St., New Britain, CT 06053"
206,NEWINGTON,860 594 7133,"206 Kitts Lane, Newington, CT 06111"
250,ENFIELD,860 745 1621,"40 Hazard Avenue, Enfield, CT 06082"
251,WATERBURY,203 755 6682,"953 Wolcott Rd., Waterbury, CT 06705"
252,WALLINGFORD,203 265 7077,"976 No. Colony Rd., Wallingford, CT 06492"
253,ORANGE,203 795 6775,"538 Boston Post Rd., Orange, CT 06477"
254,SHELTON,203 929 4499,"875 Bridgeport Avenue, Shelton, CT 06484"
255,GLASTONBURY,860 633 1858,"55 Welles St., Glastonbury, CT 06033"
256,STRATFORD,203 378 4296,"1100 Barnum Avenue, Stratford, CT 06497"
257,FAIRFIELD,203 384 2288,"1975 Black Rock Tpk., Fairfield, CT 06430"
258,WILLIMANTIC,860 423 6348,"60 Cantor Dr., Willmantic, CT 06226"
259,WEST HARTFORD,860 233 1713,"46 Kane St., W. Hartford, CT 06107"
260,SOUTHINGTON,860 621 7408,"750 Queen St., Southington, CT 06489"
261,CLINTON,860 669 0107,"265 East Main St., Clinton, CT 06413"
331,AUBURN MASS,508 832 0440,"368 Southbridge St., Auburn, MA 01501"
332,STURBRIDGE,508 347 3003,"Rte. 131 (Main St.) Sturbridge Plaza, Sturbridge, MA 01566"
333,WEBSTER SQ,508 754 0876,"68 Stafford St., Worcester, MA 01603"
334,CLINTON,508 368 0306,"1175 Main St., Clinton, MA 01510"
335,SHREWSBURY,508 752 7447,"50 Boston Turnpike Rd., Shrewsbury, MA 01545"
336,LINCOLN ST,508 852 2857,"490 Lincoln St., Worcester, MA 01605"
337,GOLD STAR BLVD,508 852 7670,"112 Gold Star Blvd., Worcester, MA 01606"
338,HUDSON,508 562 4111,"Rte 85 & 10 Tech. Dr., Hudson, MA 01749"
339,LEOMINSTER,508 537 8908,"Watertower Plaza (289 N. Main St.), Leominster, MA 01453"
340,MILFORD,508 478 4519,"Rte. 140 (1 Prospect St.), Milford, MA 01757"
341,PEABODY,508 532 5434,"N. Shore Shopping Plaza, Essex Center Dr., Peabody, MA 01960"
342,DOVER,603 749 5389,"851 Central Ave., Dover, NH 03820"
343,PORTSMOUTH,603 436 5793,"US Rt.1 (Southgate Plaza) Lafayette Rd., Portsmouth, NH 03801"
344,WOODBURY AVE,603 436 0323,"Durbin Sq. 1600 28 Woodbury Ave, Portsmouth, NH 03801"
345,STRATHAM,603 778 8545,"Rte. 101, Portsmouth Ave., Stratham, NH 03885"
347,NASHUA,603 888 8796,"143 Daniel Webster Hwy., Nashua, NH 03062"
348,DERRY,603 432 9592,"Hood Plaza, Crystal Ave., Derry, NH 03038"
349,LONDONDERRY,603 432 8846,"Appletree Mall, Rt 102, Londonderry, NH 03053"
350,MERRIMACK,603 429 1280,"356 C Daniel Webster Hwy., Merrimack, NH 03054"
351,HOOKSET,603 623 8846,"1328 Hooksett Rd (Granite State Market Plz), Hooksett, NH 03106"
352,GOFFSTOWN,603 668 5620,"553 Mast Rd., Rte. 114, Goffstown, NH 03045"
353,SEABROOK,603 474 2320,"270 Lafayette Rd., Rt 1,(Seacoast Shpng Ctr)Seabrook, NH 03874"
354,CONCORD,603 228 0770,"20 Fort Eddy Rd., (Eddy Plaza) Concord, NH 03301"
355,BEVERLY,508 927 4202,"65 Dodge St., (Beverly Plaza) Beverly, MA 01915"
356,LACONIA,603 524 3941,"Belknap Mall, 491 State Rt. 3, Belmont, NH 03220"
357,NEWBURYPORT,508 462 7121,"Storey Ave, Port Plaza, Newburyport, MA 01950"
358,MILFORD NH,603 672 3336,"586 Nashua St. Rte 101a, Milford, NH 03055"
359,SALEM MA,508 741 8660,"Highlanders Plaza, Traders Way, Salem, MA 01970"
360,STONEHAM,617 438 7533,"99 Main St. (Rt 28), (Redstone Shping Ctr) Stoneham, MA 02180"
386,REVERE,617 286 3750,"209 Revere Beach Parkwy, Revere, MA 02151"
387,MELROSE,617 665 8512,"34 Essex St., Melrose, MA 02176"
390,UPPER VALLEY,603 298 8223,"Rte. 12A, Upper Valley Shopping Plaza, W. Lebanon, NH 03766"
391,ROYAL RIDGE,603 891 1649,"213 Daniel Webster Highway, Nashua NH 03062"
411,COLCHESTER,802 654 7803,"500 Mountain View Dr., Colchester, VT 05446"
412,BERLIN CORNERS,802 223 2652,"Paine Turnpike No., Berline Corners, VT 05602"
461,N. CONWAY,603 356 5471,"1584 Wt.Mtn.Highway, (Rt.16 Northway Plaza)N. Conway, NH 03860"
462,PLAISTOW N.H.,603 382 2891,"9 Plaistow Rd. Rt.125, Plaistow, NH 03865"
464,N.WINDHAM,207 892 5159,"770 Roosevelt Trail, Rte. 16, No. Windham, ME 04062"
465,KEENE N.H.,603 358 6037,"360 Winchester St., Keene, NH 03431"
466,FALMOUTH,207 781 4520,"U.S. Route 1, (Falmouth Shopping Ctr.)Falmouth, ME 04105"
467,NORTHGATE,207 797 4304,"91 Auburn St., (Northgate Shopping Center) Portland, ME 04103"
468,PINETREE,207 773 7920,"1032 Brighton Ave., (Pinetree Shopping Center) Portland, ME 04102"
469,WESTGATE,207 774 7661,"1364 Congress St., (Westgate Shopping Center) Portland, ME 04102"
471,MILLCREEK,207 799 8149,"180 Waterman Drive, So. Portland, ME 04106"
472,SALEM N.H.,603 893 3634,"92 Cluff Crossings, Salem, NH 03079"
474,SACO,207 284 5928,"11 Scammon St., Saco, ME 04072"
475,SCARBORO,207 883 2443,"417 Payne Road, Scarborough, ME 04074"
476,ROCKLAND,207 594 8615,"235 Camden St., Rockland, ME 04841"
477,SANFORD,207 324 8990,"520 Main Street (Ctr For Shping), Sanford, ME 04073"
478,BANGOR,207 942 1608,"46 Springer Dr., Bangor, ME 04401"
479,LEWISTON,207 784 6929,"1035 Lisbon St., Lewiston, ME 04240"
480,AUBURN,207 784 6971,"600 Center St., Auburn, ME 04210"
481,WATERVILLE,207 873 6224,"251 Kennedy Mem. Dr., Waterville, ME 04901"
482,AUGUSTA,207 623 4520,"Western Ave., Augusta, ME 04330"
483,BATH,207 443 9179,"Rte. 1, (Leiman Highway) Bath, ME 04530"
484,BRUNSWICK,207 725 8751,"147 Bath Road (Rte. 1), Brunswick, ME 04011"
485,W. LEBANON,603 298 0388,"Benning Dr Pwdr Hse Plza, West Lebanon, NH 03784"
488,BANGOR,207 942 9441,"353 Main St., Bangor, Me. 04401"
490,ELLSWORTH,207 667 2293,"163 High St., Ellsworth, ME 04605"
